{
    "timestamp": "14_08_15_57_10",
    "puzzle_start_time": 2.5735864639282228,
    "puzzle_time": 129.8818359375,
    "books_placed": 20,
    "notes_hit": 0
}