{
    "timestamp": "01_06_16_51_40",
    "puzzle_start_time": 48.53525161743164,
    "puzzle_time": 25.746410369873048,
    "books_placed": 0,
    "notes_hit": 0
}